CPR,Birthdate,Deathdate,Gender,Ethnicity
15b34c1a4c078f93acbe932b50ea66a48570a3489742bfc937f6f7a04560ba77,2007-09-25,,K,Mellemøsten
c985ec7f23361ef6ff106b2f399d1b2a322b3b372a59c6418b6d9b4c9060e6c6,2002-02-14,2015-03-17,M,Nordeuropa
fe5ec5c2a5ad75f1c099c56e1b72014987dc11f85e1b003629e78da448590a07,1992-06-22,2016-05-12,M,Asien
83c4bad8cee39d00b23a85568a55073421c7fc6db2ac26146f8c933404e84fe7,2001-09-28,,M,Mellemøsten
daf88f518aba69142d3e9d6da5d483c2c8c1df5e857832b2ba830909ca8a0860,2019-03-24,,K,Unspecified
4a11398d371e673fec7e0bed308f29fd78c8c5662396c8c0b34090d29c3a3e79,1999-11-21,,M,Nordeuropa
14f6b822950291ca0617e3a593c8d4b0a3ecbcbe0d9c9b58e02c82ee7488c3fb,1982-10-14,,M,Unspecified
b9d3cc7dbe6bd35b75b9820f3b99bc3861b3c1903126f71ec968af0ea1e7cd76,2013-11-23,,K,Unspecified
d6b58556f49d494cad41e5a20701165e06a1601025e79b1812e01901d8ba6fa6,2018-06-22,2019-01-16,K,Mellemøsten
c78ac09c9e5bd54a7ad85a399b73862d0b0c5bec30b32e05caf1b3f303b26db1,1998-06-11,,M,Nordeuropa
33abdd3c9632e99577abc143c0f39ccd66ef8663cfb332a47209e8e92f3a443d,1993-05-01,,M,Nordeuropa
bfa6aca3930649594b32a64277090903c6fbbb09258b7c49e3dbfb7c80e79f04,2018-07-02,,K,Nordeuropa
661d6fb426e36fc545873accd2b0edac398172c9d902017e739ce678f118859b,2007-08-18,,K,Asien
4cc9ff8893b16ac18fe6379e2454dbe1c56dcbac0686cc05f3f4ba5c686245f0,2013-08-22,,M,Nordeuropa
dc3a7a4c7a5292f5774ffe0dbb44a94c85ca726179993b95f4909ae4ee5bad41,1989-10-12,,K,Mellemøsten
d3c270aaf3aaf44ba1854e6811787515304d524ebffc878720271eba333909a9,1983-02-17,,M,Unspecified
d48f15f5e3443d9a5d682c591c5753ab98c3485697e1cee433780ba3a2220919,1980-05-30,,M,Nordeuropa
78065c2f4bd0bb951dfe0cb291e98c5368ef45730aba8c914afdfb72e3a63732,1975-06-25,,M,Asien
1b87e10b0c8b759ce152c2bf6bcadc2e313c9841819a9a62f56396665c14ce9c,1997-01-04,,M,Mellemøsten
b8062495ee11be5a31887d3fb20aa02098ebfb5c7a1d9ca330c349c8d3dc9d4f,2005-02-07,,K,Nordeuropa
89a75cc3972d9c5ca18256c7cc7ac5a5a1ef0f377d129f803283bc2961dcd82f,1984-03-12,,K,Unspecified
0df16191901e891d375949e2e261d5b5e7271c10658b7e4acaa0ce688df9769f,2006-10-10,2019-07-16,K,Asien
b1921b9975d916b95ad617835df19d9f3b8ca2678ca5d0f8ff23a8601d042026,1971-02-12,,K,Unspecified
8e4d87cc3cc432dff11667116961baaab22f8fb05fe32993e4a79da1c0625ff2,2013-03-24,,K,Nordeuropa
6070ac3086e667591e2980e7721e996d4db90272dbc41d242d47021231844cbe,2007-03-07,,M,Asien
